index,moves,overall_moves
0,2,67
1,445,0
2,1,399
3,1,664
4,3,468
5,385,0
6,3,419
7,1,811
8,442,0
9,1,518
10,1,478
11,3,349
12,2,54
13,179,0
14,1,432
15,2,44
16,1,659
17,314,0
18,1,309
19,1,355
20,1,534
21,272,0
22,825,0
23,2,374
24,283,0
25,1,870
26,1,748
27,2,624
28,210,0
29,4,914
30,7,0
31,2,185
32,1,771
33,872,0
34,2,120
35,2,697
36,1,664
37,1,765
38,331,0
39,376,0
40,6,200
41,147,0
42,1,250
43,3,881
44,326,0
45,1,966
46,2,792
47,1,663
48,1,132
49,1,415
50,1,492
51,1,623
52,1,86
53,3,434
54,2,219
55,125,0
56,2,472
57,82,0
58,2,211
59,2,96
60,1,75
61,260,0
62,931,0
63,1,541
64,4,783
65,224,0
66,2,844
67,2,629
68,1,692
69,1,246
70,2,403
71,1,298
72,2,255
73,3,702
74,1,702
75,1,716
76,535,0
77,1,523
78,109,0
79,2,23
80,1,267
81,1,373
82,1,442
83,2,627
84,565,0
85,3,351
86,1,388
87,1,547
88,1,647
89,1,249
90,1,833
91,508,0
92,2,382
93,924,0
94,1,666
95,8,105
96,1,585
97,1,209
98,1,595
99,1,477
100,1,698
101,566,0
102,2,502
103,2,219
104,3,954
105,418,0
106,1,625
107,1,886
108,2,846
109,1,679
110,1,968
111,5,281
112,528,0
113,75,0
114,1,776
115,1,640
116,1,417
117,1,174
118,1,34
119,812,0
120,635,0
121,1,239
122,1,449
123,719,0
124,3,6
125,6,678
126,1,214
127,6,110
128,1,588
129,1,837
130,1,648
131,807,0
132,1,259
133,4,351
134,1,193
135,3,783
136,577,0
137,2,643
138,880,0
139,942,0
140,743,0
141,2,130
142,2,733
143,1,771
144,2,295
145,1,623
146,1,355
147,2,499
148,1,346
149,1,882
150,1,477
151,1,92
152,2,141
153,1,122
154,1,45
155,1,105
156,2,131
157,1,110
158,171,0
159,1,868
160,1,135
161,1,409
162,2,404
163,698,0
164,1,300
165,7,881
166,1,626
167,2,701
168,1,311
169,3,215
170,522,0
171,1,19
172,232,0
173,1,258
174,1,411
175,1,847
176,842,0
177,514,0
178,77,0
179,1,546
180,518,0
181,1,252
182,3,788
183,6,535
184,1,776
185,1,286
186,687,0
187,1,445
188,1,460
189,3,440
190,1,858
191,734,0
192,1,423
193,1,463
194,1,343
195,832,0
196,1,213
197,380,0
198,1,661
199,1,707
200,1,190
201,2,94
202,2,730
203,674,0
204,592,0
205,1,280
206,1,545
207,1,826
208,1,347
209,1,422
210,92,0
211,1,683
212,1,535
213,761,0
214,2,619
215,2,461
216,1,120
217,1,374
218,1,741
219,193,0
220,22,0
221,3,819
222,1,237
223,1,113
224,1,580
225,1,875
226,1,181
227,1,309
228,1,758
229,4,678
230,1,807
231,1,548
232,228,0
233,546,0
234,2,916
235,1,180
236,1,626
237,180,0
238,496,0
239,3,112
240,2,870
241,1,336
242,2,642
243,2,369
244,1,382
245,8,748
246,2,308
247,2,105
248,1,525
249,329,0
250,1,616
251,1,278
252,1,247
253,1,120
254,1,914
255,3,369
256,2,663
257,778,0
258,2,774
259,1,828
260,169,0
261,2,557
262,1,206
263,19,0
264,323,0
265,1,221
266,1,554
267,153,0
268,1,478
269,716,0
270,1,185
271,2,116
272,1,449
273,517,0
274,234,0
275,1,483
276,1,421
277,1,327
278,1,785
279,727,0
280,2,415
281,3,356
282,1,889
283,143,0
284,51,0
285,16,0
286,2,187
287,2,922
288,1,636
289,1,584
290,1,171
291,1,615
292,2,4
293,1,459
294,2,638
295,1,877
296,1,242
297,1,921
298,2,361
299,859,0
300,1,700
301,1,474
302,1,203
303,1,307
304,3,943
305,539,0
306,1,407
307,2,569
308,1,448
309,1,295
310,1,737
311,1,738
312,8,0
313,1,955
314,353,0
315,1,790
316,1,632
317,3,887
318,3,953
319,294,0
320,3,343
321,1,10
322,476,0
323,1,444
324,1,223
325,1,619
326,1,620
327,66,0
328,690,0
329,1,832
330,3,122
331,1,52
332,1,321
333,1,757
334,2,804
335,1,134
336,193,0
337,249,0
338,1,880
339,2,623
340,660,0
341,2,364
342,467,0
343,5,472
344,439,0
345,930,0
346,1,861
347,1,751
348,730,0
349,1,55
350,1,823
351,1,917
352,496,0
353,4,954
354,2,83
355,550,0
356,1,284
357,2,122
358,2,263
359,2,383
360,347,0
361,4,349
362,836,0
363,2,6
364,4,627
365,679,0
366,1,917
367,3,138
368,878,0
369,2,719
370,1,602
371,216,0
372,685,0
373,3,919
374,1,887
375,1,337
376,1,808
377,1,353
378,2,500
379,1,110
380,1,436
381,1,429
382,32,0
383,5,375
384,1,803
385,2,740
386,1,396
387,793,0
388,1,964
389,752,0
390,333,0
391,767,0
392,3,623
393,1,149
394,1,641
395,1,529
396,475,0
397,174,0
398,1,122
399,1,866
400,634,0
401,1,420
402,1,620
403,402,0
404,1,540
405,1,236
406,3,629
407,1,688
408,90,0
409,500,0
410,2,509
411,1,390
412,1,182
413,1,840
414,1,444
415,1,191
416,2,837
417,1,913
418,96,0
419,1,503
420,1,502
421,164,0
422,1,253
423,195,0
424,2,33
425,267,0
426,2,874
427,34,0
428,2,62
429,1,859
430,586,0
431,869,0
432,2,10
433,2,947
434,1,135
435,2,766
436,1,614
437,1,265
438,1,963
439,1,104
440,7,111
441,1,77
442,258,0
443,1,718
444,2,881
445,2,844
446,1,638
447,3,970
448,2,65
449,2,271
450,5,931
451,544,0
452,1,505
453,3,681
454,2,138
455,4,590
456,1,835
457,923,0
458,2,957
459,6,351
460,1,910
461,214,0
462,1,266
463,1,762
464,2,370
465,1,331
466,521,0
467,3,517
468,1,731
469,1,776
470,786,0
471,1,954
472,1,678
473,910,0
474,3,271
475,803,0
476,863,0
477,782,0
478,1,846
479,1,356
480,1,843
481,3,888
482,909,0
483,1,353
484,2,19
485,1,538
486,2,723
487,2,19
488,1,301
489,2,685
490,1,507
491,891,0
492,1,117
493,1,467
494,1,632
495,2,214
496,100,0
497,732,0
498,308,0
499,2,291
500,1,160
501,3,375
502,683,0
503,1,844
504,1,507
505,1,254
506,239,0
507,1,772
508,1,798
509,2,803
510,1,883
511,949,0
512,2,493
513,200,0
514,1,113
515,2,819
516,4,438
517,2,629
518,2,454
519,1,444
520,549,0
521,1,424
522,1,304
523,1,641
524,31,0
525,1,646
526,1,925
527,854,0
528,2,419
529,1,761
530,3,154
531,2,281
532,1,498
533,1,361
534,913,0
535,3,294
536,166,0
537,1,538
538,23,0
539,1,379
540,834,0
541,800,0
542,1,333
543,1,479
544,1,215
545,1,833
546,766,0
547,2,455
548,2,620
549,1,710
550,5,348
551,1,971
552,1,649
553,156,0
554,1,247
555,1,95
556,1,469
557,1,568
558,2,4
559,401,0
560,2,472
561,1,188
562,2,921
563,1,241
564,1,796
565,856,0
566,350,0
567,1,871
568,1,149
569,531,0
570,578,0
571,1,821
572,1,463
573,468,0
574,1,319
575,642,0
576,103,0
577,3,718
578,8,351
579,1,251
580,4,842
581,310,0
582,1,112
583,1,693
584,561,0
585,1,350
586,438,0
587,1,182
588,1,677
589,1,787
590,307,0
591,1,555
592,2,362
593,3,96
594,1,602
595,3,433
596,522,0
597,757,0
598,2,493
599,1,224
600,2,875
601,255,0
602,1,129
603,887,0
604,608,0
605,287,0
606,1,664
607,1,217
608,1,135
609,1,141
610,1,376
611,1,703
612,1,699
613,3,653
614,140,0
615,1,759
616,1,131
617,606,0
618,7,110
619,3,495
620,2,322
621,1,674
622,1,58
623,136,0
624,3,4
625,814,0
626,1,366
627,1,639
628,1,509
629,3,778
630,1,597
631,2,970
632,639,0
633,30,0
634,947,0
635,2,902
636,2,625
637,1,474
638,1,930
639,2,929
640,1,269
641,551,0
642,583,0
643,950,0
644,336,0
645,1,887
646,1,470
647,337,0
648,115,0
649,1,943
650,1,624
651,112,0
652,1,364
653,1,415
654,49,0
655,2,891
656,253,0
657,1,64
658,5,465
659,1,229
660,3,53
661,2,381
662,1,516
663,1,807
664,2,678
665,2,422
666,1,525
667,2,682
668,254,0
669,1,114
670,223,0
671,1,627
672,301,0
673,1,764
674,1,885
675,2,531
676,120,0
677,5,842
678,2,772
679,1,548
680,192,0
681,1,562
682,579,0
683,595,0
684,2,274
685,2,852
686,1,728
687,2,665
688,2,914
689,5,678
690,420,0
691,1,45
692,748,0
693,4,758
694,1,727
695,2,442
696,1,140
697,341,0
698,1,469
699,1,625
700,610,0
701,1,10
702,346,0
703,1,148
704,956,0
705,860,0
706,1,335
707,1,584
708,1,0
709,1,132
710,1,420
711,680,0
712,1,939
713,13,0
714,1,649
715,5,131
716,1,894
717,1,723
718,2,320
719,1,352
720,1,662
721,2,4
722,1,800
723,2,443
724,2,750
725,21,0
726,464,0
727,584,0
728,3,23
729,3,894
730,2,578
731,600,0
732,1,278
733,2,692
734,2,718
735,364,0
736,1,885
737,2,151
738,83,0
739,1,767
740,1,184
741,1,205
742,1,372
743,18,0
744,2,858
745,35,0
746,3,718
747,2,363
748,1,515
749,555,0
750,1,515
751,1,735
752,3,111
753,1,403
754,1,430
755,2,399
756,2,521
757,1,881
758,1,486
759,68,0
760,245,0
761,2,573
762,4,788
763,1,78
764,1,188
765,1,638
766,1,538
767,148,0
768,2,616
769,3,308
770,1,476
771,1,297
772,5,416
773,236,0
774,293,0
775,1,738
776,1,323
777,1,702
778,1,796
779,1,467
780,1,740
781,1,585
782,797,0
783,855,0
784,673,0
785,1,676
786,1,203
787,338,0
788,1,914
789,1,19
790,2,337
791,604,0
792,670,0
793,1,98
794,213,0
795,937,0
796,697,0
797,2,958
798,1,524
799,1,468
800,1,590
801,215,0
802,1,95
803,838,0
804,728,0
805,216,0
806,1,484
807,273,0
808,2,606
809,1,461
810,1,66
811,1,186
812,1,681
813,5,870
814,279,0
815,1,571
816,843,0
817,2,938
818,1,227
819,1,242
820,1,265
821,710,0
822,102,0
823,8,112
824,1,103
825,2,416
826,3,83
827,745,0
828,1,623
829,1,589
830,1,120
831,5,299
832,2,188
833,1,97
834,1,525
835,659,0
836,2,677
837,1,890
838,2,945
839,890,0
840,962,0
841,1,868
842,4,802
843,773,0
844,815,0
845,1,240
846,3,670
847,1,911
848,2,863
849,1,476
850,723,0
851,2,625
852,1,241
853,1,209
854,1,574
855,1,419
856,1,113
857,2,820
858,1,769
859,1,529
860,1,112
861,2,291
862,397,0
863,1,586
864,1,619
865,386,0
866,1,631
867,581,0
868,2,157
869,1,845
870,3,291
871,1,42
872,1,472
873,4,870
874,3,546
875,64,0
876,1,6
877,298,0
878,455,0
879,1,875
880,2,946
881,917,0
882,1,140
883,1,574
884,948,0
885,1,377
886,266,0
887,1,414
888,1,310
889,1,891
890,1,909
891,1,802
892,712,0
893,4,500
894,6,105
895,2,426
896,2,108
897,1,867
898,6,419
899,2,886
900,3,447
901,362,0
902,1,760
903,1,72
904,165,0
905,2,661
906,939,0
907,2,307
908,1,487
909,446,0
910,2,625
911,1,523
912,5,245
913,1,162
914,14,0
915,2,631
916,916,0
917,2,939
918,1,231
919,1,33
920,1,143
921,2,480
922,1,194
923,2,664
924,1,477
925,2,548
926,4,617
927,824,0
928,1,642
929,580,0
930,1,958
931,4,433
932,1,272
933,3,538
934,361,0
935,441,0
936,1,940
937,6,748
938,3,760
939,1,402
940,2,45
941,1,861
942,1,960
943,892,0
944,2,731
945,2,390
946,1,26
947,927,0
948,1,85
949,422,0
950,254,0
951,3,220
952,1,28
953,1,685
954,1,486
955,3,758
956,2,750
957,2,505
958,52,0
959,1,887
960,1,283
961,1,860
962,2,585
963,1,565
964,3,731
965,2,309
966,1,596
967,1,630
968,640,0
969,2,888
970,1,12
971,1,684
972,3,677
973,482,0
974,822,0
975,1,134
976,417,0
977,2,53
978,1,69
979,2,110
980,689,0
981,1,82
982,1,733
983,2,6
984,2,185
985,951,0
986,851,0
987,1,228
988,1,380
989,1,205
990,1,50
991,1,751
992,1,862
993,276,0
994,3,729
995,1,237
996,1,424
997,1,302
998,789,0
999,175,0
1000,1,37
1001,1,125
1002,696,0
1003,1,156
1004,1,10
1005,1,97
1006,3,245
1007,1,369
1008,65,0
1009,870,0
1010,154,0
1011,1,311
1012,568,0
1013,1,937
1014,1,789
1015,1,362
1016,1,848
1017,1,919
1018,1,445
1019,715,0
1020,1,521
1021,265,0
1022,5,0
1023,2,568
1024,187,0
1025,1,701
1026,1,44
1027,1,857
1028,1,213
1029,1,955
1030,828,0
1031,3,555
1032,671,0
1033,2,759
1034,1,211
1035,200,0
1036,833,0
1037,1,151
1038,1,912
1039,1,724
1040,423,0
1041,897,0
1042,1,486
1043,264,0
1044,3,802
1045,1,888
1046,1,130
1047,1,365
1048,1,110
1049,2,581
1050,1,620
1051,3,480
1052,811,0
1053,2,111
1054,1,905
1055,2,517
1056,1,942
1057,1,371
1058,196,0
1059,1,406
1060,1,461
1061,7,535
1062,1,249
1063,1,403
1064,1,210
1065,454,0
1066,886,0
1067,790,0
1068,1,527
1069,4,17
1070,206,0
1071,1,478
1072,1,162
1073,457,0
1074,1,419
1075,2,203
1076,1,937
1077,1,540
1078,1,134
1079,2,104
1080,1,918
1081,190,0
1082,893,0
1083,1,250
1084,291,0
1085,1,906
1086,488,0
1087,1,802
1088,1,735
1089,630,0
1090,1,175
1091,1,372
1092,899,0
1093,60,0
1094,1,293
1095,3,249
1096,3,38
1097,62,0
1098,1,369
1099,469,0
1100,1,798
1101,2,687
1102,111,0
1103,1,822
1104,3,842
1105,1,105
1106,1,405
1107,884,0
1108,2,934
1109,5,294
1110,2,859
1111,1,648
1112,1,254
1113,3,263
1114,1,921
1115,2,297
1116,1,354
1117,2,649
1118,1,83
1119,1,677
1120,5,111
1121,6,299
1122,5,29
1123,2,781
1124,1,709
1125,2,261
1126,2,796
1127,7,748
1128,1,498
1129,717,0
1130,1,357
1131,1,269
1132,784,0
1133,2,134
1134,3,277
1135,2,26
1136,2,895
1137,1,668
1138,11,110
1139,1,624
1140,1,150
1141,315,0
1142,1,11
1143,1,227
1144,877,0
1145,1,603
1146,520,0
1147,2,416
1148,1,835
1149,118,0
1150,2,595
1151,2,447
1152,426,0
1153,315,0
1154,1,965
1155,6,245
1156,462,0
1157,1,747
1158,1,352
1159,3,590
1160,2,894
1161,1,956
1162,703,0
1163,2,718
1164,1,44
1165,918,0
1166,1,60
1167,1,357
1168,1,720
1169,1,395
1170,2,348
1171,1,262
1172,3,350
1173,2,556
1174,1,901
1175,1,946
1176,536,0
1177,352,0
1178,1,634
1179,936,0
1180,1,5
1181,4,785
1182,2,770
1183,1,392
1184,6,29
1185,1,6
1186,2,425
1187,805,0
1188,1,90
1189,3,893
1190,1,95
1191,1,463
1192,417,0
1193,465,0
1194,548,0
1195,1,11
1196,456,0
1197,2,504
1198,2,392
1199,2,155
1200,1,588
1201,1,613
1202,1,73
1203,1,120
1204,647,0
1205,2,811
1206,2,611
1207,3,67
1208,3,852
1209,808,0
1210,3,438
1211,1,758
1212,2,457
1213,1,35
1214,1,878
1215,1,845
1216,1,127
1217,5,881
1218,1,878
1219,1,124
1220,934,0
1221,1,829
1222,1,865
1223,1,65
1224,2,100
1225,1,263
1226,71,0
1227,1,660
1228,1,425
1229,1,102
1230,1,913
1231,2,788
1232,1,659
1233,12,110
1234,1,406
1235,1,118
1236,688,0
1237,571,0
1238,777,0
1239,1,750
1240,2,349
1241,1,675
1242,3,172
1243,1,292
1244,288,0
1245,881,0
1246,2,868
1247,4,200
1248,1,873
1249,3,874
1250,105,0
1251,351,0
1252,4,845
1253,1,447
1254,185,0
1255,6,131
1256,2,919
1257,1,634
1258,569,0
1259,2,933
1260,645,0
1261,3,642
1262,5,936
1263,1,645
1264,3,64
1265,1,814
1266,1,608
1267,2,643
1268,2,455
1269,2,158
1270,1,726
1271,1,366
1272,3,442
1273,902,0
1274,4,299
1275,1,421
1276,1,919
1277,281,0
1278,3,364
1279,3,859
1280,2,322
1281,2,96
1282,873,0
1283,138,0
1284,955,0
1285,458,0
1286,203,0
1287,498,0
1288,1,823
1289,1,191
1290,1,624
1291,483,0
1292,1,369
1293,1,960
1294,1,414
1295,4,154
1296,2,696
1297,59,0
1298,2,154
1299,1,693
1300,3,281
1301,1,643
1302,2,465
1303,1,133
1304,1,504
1305,1,671
1306,400,0
1307,1,618
1308,2,260
1309,846,0
1310,611,0
1311,247,0
1312,2,378
1313,1,899
1314,256,0
1315,1,740
1316,1,876
1317,5,351
1318,1,716
1319,2,957
1320,554,0
1321,3,748
1322,4,894
1323,545,0
1324,93,0
1325,2,574
1326,1,883
1327,4,726
1328,560,0
1329,1,344
1330,1,589
1331,2,743
1332,1,3
1333,1,926
1334,3,587
1335,4,438
1336,1,783
1337,3,528
1338,227,0
1339,1,899
1340,3,535
1341,1,47
1342,574,0
1343,841,0
1344,2,899
1345,1,68
1346,1,403
1347,1,921
1348,599,0
1349,2,365
1350,1,231
1351,2,381
1352,2,864
1353,4,495
1354,2,221
1355,5,874
1356,1,770
1357,1,843
1358,2,647
1359,4,887
1360,1,429
1361,1,522
1362,3,678
1363,1,819
1364,754,0
1365,629,0
1366,2,440
1367,2,604
1368,2,445
1369,205,0
1370,1,683
1371,785,0
1372,1,455
1373,1,83
1374,3,837
1375,1,121
1376,2,679
1377,2,497
1378,597,0
1379,2,944
1380,1,539
1381,543,0
1382,1,832
1383,1,598
1384,3,332
1385,1,811
1386,1,553
1387,758,0
1388,2,862
1389,840,0
1390,628,0
1391,136,0
1392,2,0
1393,704,0
1394,2,358
1395,3,442
1396,238,0
1397,1,218
1398,1,921
1399,2,89
1400,2,527
1401,768,0
1402,1,880
1403,346,0
1404,1,92
1405,1,933
1406,1,603
1407,1,624
1408,4,375
1409,1,495
1410,399,0
1411,3,618
1412,477,0
1413,1,727
1414,1,310
1415,1,575
1416,2,462
1417,3,429
1418,1,98
1419,3,56
1420,98,0
1421,2,470
1422,1,395
1423,7,17
1424,4,863
1425,2,351
1426,1,590
1427,1,678
1428,3,409
1429,1,865
1430,1,667
1431,240,0
1432,1,26
1433,4,585
1434,1,20
1435,2,122
1436,1,884
1437,2,452
1438,809,0
1439,1,928
1440,524,0
1441,1,577
1442,370,0
1443,316,0
1444,1,644
1445,4,538
1446,4,105
1447,2,244
1448,678,0
1449,304,0
1450,1,89
1451,2,64
1452,2,644
1453,1,434
1454,1,120
1455,89,0
1456,1,583
1457,1,61
1458,1,663
1459,2,210
1460,1,658
1461,3,585
1462,961,0
1463,1,552
1464,1,759
1465,292,0
1466,424,0
1467,252,0
1468,1,805
1469,1,150
1470,1,11
1471,601,0
1472,2,618
1473,1,579
1474,1,334
1475,1,864
1476,1,665
1477,349,0
1478,1,297
1479,1,542
1480,371,0
1481,1,692
1482,1,7
1483,1,652
1484,1,182
1485,154,0
1486,2,716
1487,941,0
1488,2,590
1489,791,0
1490,2,939
1491,4,111
1492,1,881
1493,1,181
1494,677,0
1495,1,542
1496,1,583
1497,725,0
1498,1,661
1499,4,413
1500,1,122
1501,412,0
1502,1,365
1503,3,299
1504,79,0
1505,1,590
1506,2,220
1507,692,0
1508,2,573
1509,1,291
1510,1,622
1511,1,520
1512,3,678
1513,202,0
1514,1,449
1515,1,342
1516,637,0
1517,3,885
1518,1,734
1519,277,0
1520,1,227
1521,1,859
1522,925,0
1523,1,86
1524,2,273
1525,1,172
1526,452,0
1527,1,681
1528,1,154
1529,1,163
1530,2,463
1531,1,723
1532,2,531
1533,1,330
1534,1,759
1535,4,605
1536,119,0
1537,1,23
1538,1,147
1539,1,769
1540,1,786
1541,2,350
1542,1,533
1543,3,185
1544,835,0
1545,1,594
1546,1,213
1547,958,0
1548,2,467
1549,2,641
1550,1,387
1551,1,696
1552,2,683
1553,701,0
1554,1,326
1555,1,303
1556,1,463
1557,1,893
1558,2,463
1559,2,574
1560,1,80
1561,1,27
1562,613,0
1563,3,0
1564,165,0
1565,1,810
1566,747,0
1567,1,290
1568,3,10
1569,2,469
1570,387,0
1571,2,538
1572,2,157
1573,1,230
1574,2,73
1575,1,603
1576,1,815
1577,1,38
1578,3,206
1579,1,76
1580,1,468
1581,2,248
1582,3,463
1583,966,0
1584,2,188
1585,2,211
1586,2,925
1587,530,0
1588,497,0
1589,1,510
1590,596,0
1591,1,759
1592,5,802
1593,2,52
1594,154,0
1595,2,378
1596,2,528
1597,1,574
1598,499,0
1599,3,17
1600,1,778
1601,3,931
1602,1,336
1603,1,18
1604,2,913
1605,1,464
1606,2,910
1607,1,894
1608,1,596
1609,853,0
1610,501,0
1611,615,0
1612,1,869
1613,1,250
1614,1,500
1615,1,766
1616,3,716
1617,1,412
1618,771,0
1619,56,0
1620,1,838
1621,4,881
1622,1,457
1623,2,876
1624,1,788
1625,1,272
1626,3,227
1627,1,662
1628,2,549
1629,108,0
1630,1,827
1631,1,521
1632,1,504
1633,3,627
1634,1,547
1635,1,675
1636,2,717
1637,2,353
1638,2,475
1639,1,189
1640,84,0
1641,737,0
1642,1,368
1643,1,190
1644,2,300
1645,2,38
1646,654,0
1647,883,0
1648,296,0
1649,646,0
1650,28,0
1651,1,603
1652,1,339
1653,1,704
1654,4,188
1655,1,557
1656,2,360
1657,2,36
1658,1,143
1659,1,219
1660,570,0
1661,6,590
1662,1,227
1663,2,614
1664,1,87
1665,1,85
1666,787,0
1667,1,657
1668,1,643
1669,1,920
1670,779,0
1671,2,620
1672,1,948
1673,7,670
1674,150,0
1675,3,842
1676,2,776
1677,2,693
1678,769,0
1679,116,0
1680,1,733
1681,634,0
1682,921,0
1683,3,578
1684,1,235
1685,2,468
1686,657,0
1687,490,0
1688,2,662
1689,3,879
1690,1,396
1691,3,807
1692,2,343
1693,1,138
1694,1,853
1695,1,118
1696,297,0
1697,1,35
1698,1,934
1699,1,537
1700,149,0
1701,1,102
1702,2,520
1703,1,420
1704,935,0
1705,1,883
1706,3,439
1707,1,173
1708,1,767
1709,2,251
1710,311,0
1711,1,275
1712,2,863
1713,278,0
1714,17,0
1715,1,820
1716,1,225
1717,3,392
1718,2,429
1719,1,388
1720,1,899
1721,1,721
1722,1,569
1723,2,847
1724,2,956
1725,1,528
1726,495,0
1727,1,832
1728,895,0
1729,1,558
1730,3,44
1731,2,430
1732,7,105
1733,1,452
1734,4,29
1735,1,756
1736,1,604
1737,866,0
1738,903,0
1739,327,0
1740,121,0
1741,1,333
1742,1,384
1743,1,217
1744,2,332
1745,1,756
1746,6,842
1747,1,685
1748,2,378
1749,2,479
1750,1,589
1751,952,0
1752,1,95
1753,1,718
1754,1,491
1755,2,213
1756,37,0
1757,4,365
1758,2,623
1759,1,639
1760,3,538
1761,1,75
1762,1,258
1763,2,971
1764,1,743
1765,1,437
1766,3,277
1767,1,945
1768,1,454
1769,1,430
1770,448,0
1771,2,931
1772,1,91
1773,1,435
1774,1,778
1775,1,830
1776,686,0
1777,5,590
1778,1,228
1779,1,157
1780,1,161
1781,2,574
1782,3,58
1783,1,21
1784,3,118
1785,312,0
1786,1,101
1787,4,348
1788,2,467
1789,20,0
1790,1,370
1791,1,476
1792,3,723
1793,2,126
1794,968,0
1795,1,403
1796,1,836
1797,233,0
1798,1,950
1799,246,0
1800,1,845
1801,622,0
1802,1,70
1803,1,247
1804,8,294
1805,1,852
1806,1,969
1807,1,56
1808,1,509
1809,3,552
1810,5,105
1811,1,638
1812,1,474
1813,2,272
1814,2,227
1815,1,322
1816,4,871
1817,2,179
1818,1,446
1819,2,187
1820,1,645
1821,1,626
1822,2,469
1823,1,251
1824,1,936
1825,666,0
1826,1,678
1827,1,394
1828,415,0
1829,1,835
1830,1,370
1831,2,960
1832,1,104
1833,1,858
1834,1,901
1835,1,947
1836,845,0
1837,1,607
1838,4,56
1839,2,785
1840,137,0
1841,1,683
1842,1,525
1843,144,0
1844,1,606
1845,1,902
1846,2,301
1847,1,702
1848,2,117
1849,354,0
1850,820,0
1851,2,254
1852,1,381
1853,2,190
1854,1,378
1855,2,917
1856,2,502
1857,1,915
1858,1,98
1859,211,0
1860,2,960
1861,1,11
1862,1,471
1863,1,469
1864,3,403
1865,1,707
1866,357,0
1867,339,0
1868,5,200
1869,2,558
1870,5,726
1871,1,99
1872,2,881
1873,1,362
1874,1,751
1875,1,181
1876,1,274
1877,1,646
1878,3,45
1879,110,0
1880,2,451
1881,1,100
1882,3,617
1883,2,555
1884,772,0
1885,1,400
1886,2,158
1887,1,503
1888,1,666
1889,335,0
1890,1,960
1891,631,0
1892,433,0
1893,1,255
1894,885,0
1895,127,0
1896,1,863
1897,2,173
1898,1,856
1899,2,150
1900,244,0
1901,1,335
1902,1,484
1903,1,892
1904,1,969
1905,1,128
1906,1,222
1907,1,776
1908,1,543
1909,460,0
1910,1,888
1911,344,0
1912,4,472
1913,1,962
1914,1,427
1915,3,659
1916,6,465
1917,1,716
1918,1,568
1919,1,36
1920,1,632
1921,1,629
1922,2,331
1923,1,20
1924,1,109
1925,1,933
1926,4,913
1927,367,0
1928,511,0
1929,4,396
1930,1,73
1931,2,739
1932,259,0
1933,2,269
1934,3,365
1935,1,323
1936,1,508
1937,1,926
1938,443,0
1939,3,546
1940,960,0
1941,6,17
1942,1,21
1943,4,364
1944,1,650
1945,1,836
1946,1,922
1947,2,656
1948,429,0
1949,3,499
1950,1,24
1951,2,529
1952,459,0
1953,903,0
1954,280,0
1955,1,139
1956,661,0
1957,157,0
1958,1,474
1959,4,587
1960,1,274
1961,3,863
1962,764,0
1963,1,6
1964,1,925
1965,3,562
1966,80,0
1967,3,381
1968,1,528
1969,932,0
1970,1,140
1971,1,580
1972,1,443
1973,1,790
1974,2,112
1975,1,124
1976,396,0
1977,792,0
1978,45,0
1979,176,0
1980,1,48
1981,2,760
1982,1,518
1983,2,119
1984,106,0
1985,2,466
1986,129,0
1987,2,434
1988,3,309
1989,3,785
1990,1,175
1991,1,343
1992,2,953
1993,373,0
1994,2,948
1995,237,0
1996,2,375
1997,207,0
1998,1,8
1999,2,215
2000,1,944
2001,1,604
2002,1,200
2003,532,0
2004,6,294
2005,2,128
2006,621,0
2007,1,620
2008,912,0
2009,4,291
2010,1,736
2011,1,342
2012,1,114
2013,396,0
2014,1,805
2015,1,910
2016,1,452
2017,2,875
2018,340,0
2019,1,752
2020,1,497
2021,1,515
2022,242,0
2023,67,0
2024,330,0
2025,928,0
2026,2,688
2027,1,421
2028,86,0
2029,1,884
2030,1,180
2031,1,939
2032,1,605
2033,676,0
2034,1,620
2035,1,557
2036,2,252
2037,1,55
2038,1,640
2039,2,881
2040,1,452
2041,1,957
2042,7,294
2043,819,0
2044,2,856
2045,4,968
2046,1,253
2047,2,91
2048,1,302
2049,78,0
2050,2,469
2051,1,588
2052,199,0
2053,751,0
2054,573,0
2055,3,308
2056,1,2
2057,1,894
2058,309,0
2059,1,950
2060,3,936
2061,170,0
2062,2,328
2063,1,740
2064,2,269
2065,204,0
2066,2,610
2067,395,0
2068,1,466
2069,4,378
2070,1,891
2071,1,951
2072,2,90
2073,1,804
2074,2,4
2075,861,0
2076,2,871
2077,1,932
2078,864,0
2079,1,764
2080,1,357
2081,1,161
2082,2,339
2083,1,888
2084,1,723
2085,1,768
2086,1,754
2087,636,0
2088,1,501
2089,1,873
2090,3,158
2091,1,859
2092,2,323
2093,1,328
2094,740,0
2095,2,845
2096,541,0
2097,1,447
2098,1,501
2099,1,231
2100,1,462
2101,1,739
2102,749,0
2103,1,907
2104,783,0
2105,2,86
2106,1,356
2107,1,187
2108,201,0
2109,3,472
2110,1,337
2111,1,244
2112,1,190
2113,3,620
2114,798,0
2115,163,0
2116,868,0
2117,2,552
2118,27,0
2119,668,0
2120,1,346
2121,1,730
2122,867,0
2123,607,0
2124,6,881
2125,2,430
2126,1,504
2127,436,0
2128,36,0
2129,1,20
2130,3,767
2131,4,861
2132,1,198
2133,1,573
2134,2,295
2135,4,874
2136,506,0
2137,282,0
2138,37,0
2139,1,94
2140,1,260
2141,2,551
2142,1,964
2143,691,0
2144,355,0
2145,188,0
2146,3,971
2147,1,434
2148,726,0
2149,908,0
2150,2,188
2151,1,65
2152,1,834
2153,1,666
2154,3,156
2155,284,0
2156,816,0
2157,1,367
2158,1,229
2159,1,780
2160,139,0
2161,2,732
2162,107,0
2163,572,0
2164,1,46
2165,53,0
2166,1,187
2167,12,0
2168,57,0
2169,1,246
2170,1,839
2171,3,353
2172,871,0
2173,934,0
2174,1,775
2175,1,465
2176,220,0
2177,2,845
2178,95,0
2179,1,251
2180,2,912
2181,3,416
2182,826,0
2183,2,413
2184,1,268
2185,136,0
2186,1,917
2187,2,421
2188,1,615
2189,2,739
2190,2,243
2191,3,214
2192,1,295
2193,829,0
2194,1,266
2195,3,221
2196,709,0
2197,101,0
2198,1,790
2199,1,442
2200,1,118
2201,74,0
2202,737,0
2203,325,0
2204,5,299
2205,151,0
2206,1,430
2207,818,0
2208,1,128
2209,2,879
2210,1,480
2211,2,718
2212,1,367
2213,398,0
2214,2,112
2215,1,437
2216,1,791
2217,850,0
2218,1,219
2219,1,128
2220,1,248
2221,1,64
2222,516,0
2223,1,33
2224,1,696
2225,3,647
2226,243,0
2227,134,0
2228,2,445
2229,1,470
2230,1,149
2231,2,430
2232,3,339
2233,1,122
2234,2,893
2235,1,863
2236,1,145
2237,1,509
2238,2,187
2239,1,115
2240,322,0
2241,1,877
2242,1,731
2243,493,0
2244,1,440
2245,1,17
2246,1,874
2247,862,0
2248,526,0
2249,1,822
2250,2,240
2251,2,67
2252,1,58
2253,1,438
2254,4,670
2255,2,562
2256,1,612
2257,1,971
2258,142,0
2259,2,225
2260,2,745
2261,713,0
2262,1,895
2263,1,183
2264,2,242
2265,1,40
2266,563,0
2267,1,398
2268,1,499
2269,2,114
2270,1,41
2271,1,692
2272,8,881
2273,2,675
2274,1,548
2275,682,0
2276,919,0
2277,1,159
2278,627,0
2279,1,454
2280,425,0
2281,1,369
2282,358,0
2283,1,361
2284,1,739
2285,1,900
2286,58,0
2287,261,0
2288,3,94
2289,1,732
2290,1,263
2291,894,0
2292,644,0
2293,1,153
2294,1,412
2295,4,0
2296,1,279
2297,1,748
2298,197,0
2299,1,821
2300,802,0
2301,1,842
2302,553,0
2303,1,41
2304,1,908
2305,1,442
2306,760,0
2307,1,53
2308,1,30
2309,1,552
2310,5,535
2311,1,3
2312,1,379
2313,5,56
2314,1,86
2315,1,700
2316,1,546
2317,1,241
2318,2,523
2319,492,0
2320,2,100
2321,1,261
2322,1,28
2323,1,137
2324,2,527
2325,846,0
2326,1,588
2327,3,137
2328,1,771
2329,1,532
2330,1,380
2331,616,0
2332,1,919
2333,1,356
2334,1,91
2335,3,475
2336,2,335
2337,1,536
2338,413,0
2339,2,698
2340,302,0
2341,675,0
2342,1,409
2343,4,281
2344,3,187
2345,706,0
2346,94,0
2347,1,400
2348,7,17
2349,963,0
2350,1,719
2351,1,718
2352,1,541
2353,72,0
2354,10,0
2355,1,413
2356,1,152
2357,648,0
2358,2,156
2359,969,0
2360,1,25
2361,849,0
2362,1,858
2363,1,779
2364,4,131
2365,1,92
2366,1,473
2367,1,549
2368,1,964
2369,1,665
2370,1,591
2371,1,501
2372,2,747
2373,5,802
2374,1,651
2375,1,187
2376,1,549
2377,1,538
2378,194,0
2379,1,120
2380,91,0
2381,1,440
2382,1,916
2383,2,466
2384,257,0
2385,1,0
2386,1,932
2387,693,0
2388,724,0
2389,274,0
2390,374,0
2391,1,863
2392,1,115
2393,466,0
2394,1,539
2395,2,842
2396,1,111
2397,1,250
2398,1,379
2399,1,730
2400,598,0
2401,1,857
2402,2,695
2403,1,653
2404,2,809
2405,1,945
2406,4,475
2407,1,574
2408,8,110
2409,1,916
2410,1,421
2411,1,196
2412,2,145
2413,736,0
2414,1,20
2415,1,184
2416,3,921
2417,145,0
2418,3,750
2419,614,0
2420,3,888
2421,1,106
2422,2,176
2423,1,185
2424,158,0
2425,1,468
2426,515,0
2427,1,842
2428,906,0
2429,2,865
2430,1,1
2431,2,569
2432,1,900
2433,2,308
2434,4,200
2435,1,48
2436,1,266
2437,2,936
2438,617,0
2439,383,0
2440,1,340
2441,558,0
2442,1,873
2443,447,0
2444,1,23
2445,1,806
2446,1,547
2447,1,445
2448,3,188
2449,1,945
2450,510,0
2451,1,214
2452,1,621
2453,360,0
2454,5,188
2455,382,0
2456,1,116
2457,2,191
2458,1,3
2459,2,371
2460,73,0
2461,3,702
2462,1,215
2463,1,592
2464,3,445
2465,557,0
2466,1,683
2467,929,0
2468,4,332
2469,2,407
2470,1,520
2471,3,521
2472,1,649
2473,2,465
2474,1,876
2475,3,219
2476,1,854
2477,4,294
2478,2,784
2479,3,820
2480,542,0
2481,1,90
2482,4,415
2483,1,101
2484,1,370
2485,1,45
2486,662,0
2487,1,889
2488,1,862
2489,1,262
2490,2,340
2491,4,532
2492,2,434
2493,1,379
2494,603,0
2495,1,430
2496,1,665
2497,1,469
2498,29,0
2499,3,261
2500,3,605
2501,4,670
2502,271,0
2503,1,4
2504,2,444
2505,1,867
2506,1,877
2507,1,405
2508,268,0
2509,3,625
2510,1,587
2511,1,917
2512,450,0
2513,2,468
2514,2,802
2515,406,0
2516,901,0
2517,905,0
2518,2,548
2519,2,245
2520,157,0
2521,567,0
2522,2,96
2523,2,26
2524,342,0
2525,168,0
2526,1,411
2527,1,642
2528,3,26
2529,1,117
2530,1,94
2531,418,0
2532,4,172
2533,9,0
2534,1,601
2535,756,0
2536,876,0
2537,1,339
2538,1,495
2539,1,410
2540,263,0
2541,1,106
2542,1,507
2543,394,0
2544,2,220
2545,408,0
2546,1,247
2547,799,0
2548,513,0
2549,1,548
2550,418,0
2551,2,910
2552,700,0
2553,1,340
2554,920,0
2555,1,959
2556,1,464
2557,235,0
2558,1,433
2559,945,0
2560,1,701
2561,1,877
2562,1,16
2563,2,331
2564,1,422
2565,1,251
2566,1,956
2567,904,0
2568,1,138
2569,1,658
2570,480,0
2571,172,0
2572,2,250
2573,2,666
2574,3,709
2575,1,873
2576,2,111
2577,1,367
2578,1,415
2579,523,0
2580,1,799
2581,1,311
2582,462,0
2583,1,476
2584,126,0
2585,1,2
2586,710,0
2587,5,112
2588,2,937
2589,2,476
2590,1,225
2591,5,17
2592,1,20
2593,1,435
2594,1,54
2595,2,464
2596,2,200
2597,1,200
2598,377,0
2599,479,0
2600,1,264
2601,1,29
2602,2,767
2603,1,187
2604,2,59
2605,204,0
2606,104,0
2607,1,122
2608,2,250
2609,1,173
2610,117,0
2611,1,293
2612,831,0
2613,1,276
2614,587,0
2615,1,527
2616,1,874
2617,295,0
2618,4,465
2619,8,670
2620,305,0
2621,590,0
2622,963,0
2623,519,0
2624,1,959
2625,692,0
2626,1,601
2627,1,848
2628,1,747
2629,1,356
2630,556,0
2631,1,578
2632,189,0
2633,720,0
2634,2,454
2635,1,462
2636,1,868
2637,2,236
2638,7,112
2639,1,777
2640,2,695
2641,6,894
2642,392,0
2643,5,364
2644,1,48
2645,368,0
2646,3,378
2647,3,639
2648,1,397
2649,2,299
2650,331,0
2651,1,475
2652,1,449
2653,86,0
2654,1,485
2655,1,253
2656,1,598
2657,933,0
2658,1,295
2659,1,13
2660,1,742
2661,1,3
2662,2,901
2663,1,355
2664,1,784
2665,1,520
2666,1,722
2667,2,528
2668,5,365
2669,133,0
2670,943,0
2671,2,680
2672,1,462
2673,938,0
2674,359,0
2675,1,531
2676,1,276
2677,2,251
2678,1,6
2679,1,516
2680,1,958
2681,1,285
2682,1,576
2683,774,0
2684,1,698
2685,1,131
2686,8,299
2687,1,973
2688,860,0
2689,624,0
2690,1,805
2691,1,968
2692,248,0
2693,186,0
2694,446,0
2695,1,911
2696,1,836
2697,1,311
2698,1,58
2699,1,465
2700,1,535
2701,1,71
2702,432,0
2703,1,623
2704,2,356
2705,1,923
2706,1,335
2707,2,148
2708,2,807
2709,2,420
2710,1,296
2711,4,778
2712,827,0
2713,1,863
2714,3,726
2715,1,445
2716,2,861
2717,1,832
2718,1,502
2719,2,503
2720,1,524
2721,1,572
2722,63,0
2723,1,389
2724,1,674
2725,2,801
2726,3,845
2727,1,503
2728,2,4
2729,4,348
2730,1,889
2731,1,871
2732,3,861
2733,1,914
2734,2,29
2735,1,420
2736,1,154
2737,1,781
2738,758,0
2739,1,84
2740,332,0
2741,2,105
2742,1,805
2743,1,184
2744,4,110
2745,889,0
2746,1,426
2747,2,823
2748,2,20
2749,1,967
2750,3,929
2751,1,665
2752,2,347
2753,848,0
2754,1,62
2755,7,351
2756,1,961
2757,474,0
2758,461,0
2759,334,0
2760,1,824
2761,2,118
2762,43,0
2763,1,878
2764,1,159
2765,1,436
2766,1,854
2767,875,0
2768,1,556
2769,1,720
2770,318,0
2771,655,0
2772,3,865
2773,320,0
2774,684,0
2775,1,437
2776,1,809
2777,552,0
2778,411,0
2779,823,0
2780,1,697
2781,160,0
2782,1,68
2783,378,0
2784,2,917
2785,1,770
2786,1,23
2787,504,0
2788,2,356
2789,4,623
2790,1,281
2791,1,623
2792,2,842
2793,1,458
2794,285,0
2795,1,174
2796,1,684
2797,1,96
2798,1,693
2799,944,0
2800,1,158
2801,1,258
2802,1,695
2803,1,882
2804,1,930
2805,1,875
2806,1,798
2807,1,320
2808,896,0
2809,289,0
2810,2,610
2811,3,871
2812,4,936
2813,763,0
2814,1,957
2815,1,475
2816,1,841
2817,1,34
2818,2,277
2819,1,93
2820,1,521
2821,1,456
2822,957,0
2823,699,0
2824,1,421
2825,428,0
2826,1,661
2827,1,912
2828,146,0
2829,1,133
2830,1,63
2831,1,528
2832,440,0
2833,3,125
2834,907,0
2835,178,0
2836,1,429
2837,390,0
2838,1,583
2839,1,612
2840,230,0
2841,1,761
2842,1,176
2843,4,931
2844,70,0
2845,964,0
2846,1,442
2847,1,945
2848,1,508
2849,466,0
2850,2,375
2851,2,748
2852,1,558
2853,3,913
2854,1,824
2855,2,887
2856,2,859
2857,1,381
2858,1,405
2859,1,863
2860,3,549
2861,1,631
2862,953,0
2863,2,552
2864,2,779
2865,410,0
2866,3,18
2867,2,507
2868,2,592
2869,1,192
2870,1,211
2871,2,192
2872,525,0
2873,4,53
2874,1,333
2875,1,511
2876,817,0
2877,1,672
2878,1,898
2879,721,0
2880,2,311
2881,3,348
2882,1,946
2883,1,817
2884,1,13
2885,795,0
2886,830,0
2887,1,521
2888,3,365
2889,2,951
2890,2,741
2891,4,261
2892,1,416
2893,1,441
2894,1,204
2895,2,56
2896,1,525
2897,1,419
2898,1,227
2899,1,428
2900,3,188
2901,1,467
2902,444,0
2903,1,886
2904,2,455
2905,1,364
2906,1,465
2907,1,611
2908,1,419
2909,2,639
2910,4,463
2911,847,0
2912,1,469
2913,97,0
2914,852,0
2915,1,43
2916,1,684
2917,625,0
2918,585,0
2919,1,959
2920,1,52
2921,1,104
2922,262,0
2923,888,0
2924,2,561
2925,130,0
2926,2,187
2927,1,965
2928,2,854
2929,762,0
2930,2,969
2931,7,936
2932,290,0
2933,2,131
2934,2,733
2935,1,617
2936,564,0
2937,3,299
2938,1,173
2939,1,807
2940,1,421
2941,369,0
2942,1,837
2943,1,303
2944,177,0
2945,1,470
2946,47,0
2947,1,682
2948,15,0
2949,1,734
2950,4,419
2951,633,0
2952,1,892
2953,1,966
2954,533,0
2955,6,111
2956,2,353
2957,2,117
2958,1,974
2959,1,411
2960,879,0
2961,1,404
2962,1,814
2963,651,0
2964,1,404
2965,4,894
2966,2,245
2967,2,311
2968,2,365
2969,3,662
2970,1,157
2971,184,0
2972,1,809
2973,1,115
2974,427,0
2975,1,155
2976,4,480
2977,1,546
2978,1,633
2979,5,670
2980,2,583
2981,1,249
2982,209,0
2983,1,16
2984,3,874
2985,2,103
2986,409,0
2987,1,712
2988,1,419
2989,1,561
2990,3,322
2991,1,416
2992,1,644
2993,2,442
2994,463,0
2995,1,682
2996,1,445
2997,1,291
2998,2,659
2999,1,887
3000,1,182
3001,2,640
3002,1,322
3003,1,354
3004,2,17
3005,7,936
3006,1,283
3007,2,515
3008,3,399
3009,619,0
3010,2,966
3011,1,370
3012,609,0
3013,24,0
3014,1,561
3015,1,502
3016,2,798
3017,2,212
3018,1,774
3019,1,151
3020,1,865
3021,1,455
3022,1,550
3023,1,99
3024,1,109
3025,1,391
3026,1,760
3027,1,663
3028,1,739
3029,3,532
3030,1,470
3031,388,0
3032,3,331
3033,605,0
3034,2,639
3035,449,0
3036,1,778
3037,1,717
3038,4,122
3039,487,0
3040,741,0
3041,313,0
3042,465,0
3043,2,620
3044,1,583
3045,1,689
3046,744,0
3047,1,652
3048,1,417
3049,2,377
3050,1,819
3051,299,0
3052,221,0
3053,481,0
3054,746,0
3055,2,574
3056,50,0
3057,1,951
3058,3,772
3059,1,773
3060,2,78
3061,714,0
3062,1,697
3063,1,777
3064,2,964
3065,251,0
3066,391,0
3067,181,0
3068,1,384
3069,1,111
3070,1,295
3071,1,249
3072,2,400
3073,3,465
3074,2,709
3075,922,0
3076,453,0
3077,781,0
3078,1,658
3079,39,0
3080,1,325
3081,1,899
3082,750,0
3083,589,0
3084,1,392
3085,3,215
3086,1,600
3087,1,88
3088,219,0
3089,1,187
3090,1,656
3091,695,0
3092,1,493
3093,1,677
3094,1,130
3095,2,172
3096,1,224
3097,529,0
3098,1,845
3099,2,726
3100,389,0
3101,1,439
3102,1,847
3103,1,953
3104,1,965
3105,1,282
3106,512,0
3107,241,0
3108,1,531
3109,478,0
3110,3,871
3111,135,0
3112,3,103
3113,3,435
3114,2,64
3115,1,66
3116,1,651
3117,900,0
3118,1,465
3119,1,731
3120,1,299
3121,379,0
3122,1,767
3123,1,687
3124,1,592
3125,1,77
3126,4,112
3127,1,589
3128,1,89
3129,1,684
3130,1,531
3131,1,879
3132,819,0
3133,2,947
3134,2,436
3135,1,845
3136,1,114
3137,183,0
3138,1,732
3139,1,65
3140,1,582
3141,1,801
3142,1,573
3143,1,595
3144,1,185
3145,1,825
3146,2,249
3147,1,145
3148,796,0
3149,658,0
3150,324,0
3151,844,0
3152,801,0
3153,1,114
3154,3,583
3155,1,528
3156,2,351
3157,1,224
3158,2,678
3159,1,212
3160,1,437
3161,300,0
3162,6,112
3163,2,877
3164,4,118
3165,1,605
3166,413,0
3167,1,150
3168,2,321
3169,1,888
3170,2,495
3171,405,0
3172,1,761
3173,538,0
3174,1,644
3175,88,0
3176,1,946
3177,3,263
3178,10,110
3179,1,929
3180,1,906
3181,1,372
3182,837,0
3183,1,611
3184,1,236
3185,1,254
3186,759,0
3187,1,472
3188,1,63
3189,372,0
3190,1,585
3191,1,127
3192,113,0
3193,2,125
3194,407,0
3195,2,538
3196,1,121
3197,1,179
3198,1,719
3199,1,159
3200,1,9
3201,1,451
3202,1,12
3203,1,849
3204,626,0
3205,1,274
3206,638,0
3207,1,187
3208,1,646
3209,191,0
3210,3,495
3211,6,0
3212,2,532
3213,1,610
3214,2,351
3215,1,381
3216,926,0
3217,2,953
3218,1,119
3219,3,396
3220,1,495
3221,1,457
3222,1,150
3223,4,535
3224,2,840
3225,1,291
3226,365,0
3227,2,206
3228,1,54
3229,1,173
3230,2,103
3231,182,0
3232,2,471
3233,2,115
3234,612,0
3235,476,0
3236,1,151
3237,1,356
3238,711,0
3239,1,626
3240,1,483
3241,363,0
3242,2,482
3243,416,0
3244,602,0
3245,3,864
3246,2,790
3247,1,436
3248,1,187
3249,2,642
3250,1,587
3251,3,595
3252,2,860
3253,231,0
3254,4,409
3255,641,0
3256,2,224
3257,2,137
3258,1,119
3259,707,0
3260,534,0
3261,1,900
3262,1,745
3263,1,541
3264,1,970
3265,4,447
3266,911,0
3267,4,943
3268,6,670
3269,1,883
3270,2,723
3271,155,0
3272,502,0
3273,1,742
3274,1,294
3275,1,820
3276,1,481
3277,324,0
3278,1,861
3279,141,0
3280,167,0
3281,2,58
3282,1,340
3283,61,0
3284,1,680
3285,226,0
3286,1,11
3287,2,691
3288,2,799
3289,1,363
3290,1,966
3291,2,507
3292,1,650
3293,1,497
3294,1,691
3295,1,629
3296,3,624
3297,1,334
3298,576,0
3299,3,410
3300,1,34
3301,1,849
3302,1,187
3303,1,498
3304,1,682
3305,2,685
3306,1,245
3307,3,413
3308,1,914
3309,940,0
3310,780,0
3311,3,894
3312,954,0
3313,1,120
3314,575,0
3315,1,119
3316,1,19
3317,1,725
3318,1,271
3319,2,968
3320,1,39
3321,2,863
3322,1,360
3323,491,0
3324,1,876
3325,806,0
3326,1,542
3327,1,867
3328,2,498
3329,1,864
3330,471,0
3331,1,507
3332,1,353
3333,882,0
3334,1,221
3335,1,455
3336,1,959
3337,1,756
3338,2,873
3339,7,842
3340,1,91
3341,2,535
3342,1,540
3343,3,131
3344,1,551
3345,162,0
3346,1,792
3347,1,756
3348,2,159
3349,1,874
3350,3,200
3351,735,0
3352,222,0
3353,1,877
3354,1,854
3355,1,137
3356,1,61
3357,1,502
3358,4,549
3359,2,638
3360,2,500
3361,2,477
3362,588,0
3363,1,508
3364,1,221
3365,1,517
3366,3,639
3367,1,831
3368,1,106
3369,804,0
3370,4,864
3371,1,379
3372,4,499
3373,5,627
3374,1,706
3375,2,281
3376,2,867
3377,705,0
3378,1,551
3379,2,481
3380,2,954
3381,1,489
3382,2,435
3383,4,381
3384,1,633
3385,1,907
3386,225,0
3387,437,0
3388,431,0
3389,42,0
3390,643,0
3391,4,462
3392,3,500
3393,1,875
3394,2,125
3395,152,0
3396,656,0
3397,970,0
3398,6,936
3399,2,475
3400,2,783
3401,959,0
3402,1,56
3403,731,0
3404,1,190
3405,559,0
3406,1,572
3407,1,821
3408,1,679
3409,623,0
3410,1,609
3411,1,312
3412,7,590
3413,2,250
3414,1,261
3415,217,0
3416,1,458
3417,722,0
3418,1,391
3419,1,893
3420,2,681
3421,3,581
3422,2,438
3423,1,786
3424,1,262
3425,1,32
3426,1,378
3427,2,697
3428,1,107
3429,1,332
3430,229,0
3431,2,294
3432,650,0
3433,2,645
3434,393,0
3435,269,0
3436,507,0
3437,2,456
3438,38,0
3439,275,0
3440,1,717
3441,26,0
3442,1,862
3443,1,741
3444,2,677
3445,1,560
3446,4,623
3447,1,640
3448,694,0
3449,1,422
3450,2,396
3451,1,594
3452,1,947
3453,208,0
3454,1,128
3455,1,191
3456,435,0
3457,5,172
3458,813,0
3459,1,34
3460,2,304
3461,3,370
3462,1,287
3463,1,155
3464,1,243
3465,2,583
3466,1,57
3467,1,722
3468,1,254
3469,1,185
3470,1,621
3471,2,182
3472,1,603
3473,1,257
3474,1,365
3475,2,919
3476,1,252
3477,1,661
3478,1,157
3479,1,131
3480,2,396
3481,1,301
3482,3,462
3483,128,0
3484,2,653
3485,2,640
3486,1,625
3487,3,192
3488,582,0
3489,1,866
3490,9,110
3491,2,409
3492,489,0
3493,1,697
3494,1,533
3495,55,0
3496,915,0
3497,1,732
3498,3,323
3499,1,529
3500,594,0
3501,2,433
3502,1,605
3503,1,118
3504,1,865
3505,1,59
3506,3,320
3507,1,430
3508,2,666
3509,547,0
3510,1,111
3511,5,110
3512,1,366
3513,2,3
3514,2,973
3515,3,581
3516,2,728
3517,1,495
3518,1,506
3519,3,415
3520,1,219
3521,3,914
3522,1,23
3523,1,720
3524,319,0
3525,1,748
3526,99,0
3527,1,891
3528,1,68
3529,2,410
3530,1,640
3531,1,506
3532,173,0
3533,1,640
3534,865,0
3535,1,676
3536,1,886
3537,1,351
3538,1,111
3539,403,0
3540,1,821
3541,1,12
3542,2,392
3543,2,64
3544,409,0
3545,4,416
3546,470,0
3547,1,625
3548,1,475
3549,1,103
3550,1,956
3551,1,445
3552,1,676
3553,451,0
3554,484,0
3555,1,439
3556,5,748
3557,1,653
3558,663,0
3559,1,737
3560,2,864
3561,1,94
3562,652,0
3563,2,112
3564,6,936
3565,1,96
3566,914,0
3567,1,539
3568,83,0
3569,2,384
3570,4,245
3571,1,497
3572,1,886
3573,540,0
3574,2,571
3575,494,0
3576,198,0
3577,1,723
3578,2,634
3579,1,461
3580,579,0
3581,2,546
3582,1,862
3583,2,956
3584,1,308
3585,821,0
3586,1,641
3587,1,441
3588,303,0
3589,1,396
3590,1,703
3591,2,620
3592,1,490
3593,1,611
3594,132,0
3595,2,263
3596,356,0
3597,1,728
3598,3,968
3599,1,353
3600,5,590
3601,667,0
3602,430,0
3603,1,949
3604,2,531
3605,1,542
3606,1,914
3607,1,22
3608,2,364
3609,1,459
3610,2,339
3611,738,0
3612,1,179
3613,1,801
3614,1,695
3615,1,634
3616,7,245
3617,1,685
3618,1,738
3619,2,219
3620,1,730
3621,2,630
3622,1,277
3623,1,585
3624,1,11
3625,131,0
3626,2,968
3627,1,456
3628,1,188
3629,4,442
3630,1,866
3631,770,0
3632,1,647
3633,1,85
3634,2,475
3635,1,482
3636,1,785
3637,123,0
3638,306,0
3639,1,139
3640,1,376
3641,1,308
3642,527,0
3643,765,0
3644,4,748
3645,3,528
3646,1,695
3647,1,215
3648,2,613
3649,2,58
3650,1,213
3651,753,0
3652,2,369
3653,1,938
3654,1,69
3655,739,0
3656,321,0
3657,1,20
3658,265,0
3659,669,0
3660,1,673
3661,1,733
3662,1,117
3663,2,585
3664,2,308
3665,593,0
3666,421,0
3667,1,383
3668,4,122
3669,1,175
3670,1,259
3671,1,536
3672,632,0
3673,316,0
3674,414,0
3675,1,300
3676,286,0
3677,1,206
3678,2,670
3679,2,421
3680,1,443
3681,81,0
3682,582,0
3683,618,0
3684,1,785
3685,1,586
3686,434,0
3687,2,236
3688,1,320
3689,898,0
3690,1,245
3691,1,500
3692,1,480
3693,48,0
3694,1,875
3695,2,547
3696,1,469
3697,653,0
3698,2,374
3699,5,419
3700,1,366
3701,2,384
3702,1,15
3703,2,833
3704,486,0
3705,776,0
3706,270,0
3707,2,615
3708,69,0
3709,1,86
3710,127,0
3711,1,26
3712,1,613
3713,1,273
3714,620,0
3715,858,0
3716,3,110
3717,1,644
3718,2,439
3719,4,192
3720,1,737
3721,788,0
3722,1,302
3723,1,4
3724,2,605
3725,1,439
3726,967,0
3727,1,444
3728,1,64
3729,5,894
3730,1,638
3731,1,913
3732,1,767
3733,201,0
3734,384,0
3735,2,677
3736,2,135
3737,343,0
3738,1,584
3739,1,581
3740,1,833
3741,1,178
3742,2,185
3743,833,0
3744,1,970
3745,2,460
3746,212,0
3747,1,64
3748,3,726
3749,11,0
3750,1,740
3751,833,0
3752,3,328
3753,3,893
3754,1,4
3755,2,702
3756,2,506
3757,1,876
3758,2,875
3759,3,105
3760,794,0
3761,1,248
3762,702,0
3763,755,0
3764,1,67
3765,9,881
3766,1,901
3767,1,846
3768,681,0
3769,810,0
3770,2,20
3771,2,557
3772,1,729
3773,2,341
3774,1,641
3775,1,691
3776,1,242
3777,1,670
3778,1,374
3779,2,346
3780,2,587
3781,1,242
3782,718,0
3783,2,370
3784,1,567
3785,2,725
3786,25,0
3787,1,858
3788,40,0
3789,1,96
3790,1,698
3791,1,367
3792,1,423
3793,2,883
3794,1,211
3795,1,355
3796,250,0
3797,472,0
3798,2,758
3799,1,33
3800,218,0
3801,1,408
3802,3,295
3803,1,459
3804,366,0
3805,1,126
3806,1,15
3807,4,517
3808,2,50
3809,1,327
3810,1,318
3811,1,375
3812,937,0
3813,1,793
3814,1,374
3815,1,67
3816,3,29
3817,2,120
3818,1,232
3819,1,59
3820,1,421
3821,509,0
3822,1,294
3823,122,0
3824,1,467
3825,1,358
3826,1,874
3827,562,0
3828,857,0
3829,2,748
3830,1,769
3831,1,970
3832,1,608
3833,503,0
3834,404,0
3835,665,0
3836,3,611
3837,2,943
3838,348,0
3839,1,158
3840,896,0
3841,1,966
3842,1,392
3843,1,353
3844,2,464
3845,2,885
3846,2,320
3847,1,184
3848,44,0
3849,1,101
3850,649,0
3851,1,478
3852,1,341
3853,1,456
3854,33,0
3855,328,0
3856,2,465
3857,381,0
3858,2,650
3859,2,894
3860,729,0
3861,1,350
3862,1,429
3863,2,534
3864,733,0
3865,2,868
3866,1,410
3867,2,218
3868,1,886
3869,1,953
3870,1,438
3871,1,569
3872,317,0
3873,1,561
3874,1,117
3875,965,0
3876,1,247
3877,473,0
3878,3,870
3879,85,0
3880,1,895
3881,41,0
3882,485,0
3883,1,907
3884,1,846
3885,946,0
3886,1,41
3887,874,0
3888,1,782
3889,46,0
3890,4,647
3891,345,0
3892,1,229
3893,1,561
3894,839,0
3895,2,527
3896,375,0
3897,2,473
3898,1,552
3899,537,0
3900,1,953
3901,1,108
3902,1,703
3903,708,0
3904,1,571
3905,1,319
3906,1,125
3907,505,0
3908,1,777
3909,1,349
3910,3,38
3911,76,0
3912,1,865
3913,1,557
3914,54,0
3915,1,575
3916,1,438
3917,1,844
3918,2,70
3919,2,787
3920,742,0
3921,1,642
3922,114,0
3923,375,0
3924,2,10
3925,1,609
3926,1,810
3927,6,802
3928,124,0
3929,2,617
3930,1,299
3931,672,0
3932,1,970
3933,87,0
3934,2,297
3935,591,0
3936,2,0
3937,1,643
3938,2,294
3939,3,723
3940,2,8
3941,1,14
3942,393,0
3943,1,535
3944,1,17
3945,2,624
3946,2,778
3947,7,299
3948,966,0
3949,2,707
3950,1,526
3951,1,100
3952,2,572
3953,1,864
3954,2,422
3955,1,77
3956,1,144
3957,419,0
3958,1,809
3959,1,281
3960,1,574
3961,1,864
3962,159,0
3963,1,220
3964,1,541
3965,1,413
3966,1,865
3967,1,250
3968,664,0
3969,2,381
3970,2,546
3971,1,971
3972,161,0
3973,1,772
3974,2,239
3975,1,910
3976,1,348
3977,1,442
3978,1,398
3979,1,357
3980,2,729
3981,2,18
3982,1,500
3983,775,0
3984,1,373
3985,1,537
3986,2,125
3987,1,6
3988,1,210
3989,1,642
3990,1,931
3991,1,863
3992,1,215
3993,1,44
3994,2,874
3995,1,212
3996,2,631
3997,4,369
3998,1,862
3999,1,694
